{
	"'":{
		"'":0.0,
		"a":0.0,
		"b":0.0,
		"c":0.0,
		"d":0.0,
		"e":0.0,
		"f":0.0,
		"g":0.0,
		"h":0.0,
		"i":1.0,
		"j":0.0,
		"k":0.0,
		"l":0.0,
		"m":0.0,
		"n":0.0,
		"o":0.0,
		"p":0.0,
		"q":0.0,
		"r":0.0,
		"s":0.0,
		"t":0.0,
		"u":0.0,
		"v":0.0,
		"w":0.0,
		"x":0.0,
		"y":0.0,
		"z":0.0
	},
	"a":{
		"'":0.0,
		"a":4.501933929364023e-2,
		"b":1.5217804831653034e-2,
		"c":5.643269291738e-3,
		"d":2.8343161498953776e-2,
		"e":3.496924735273604e-2,
		"f":9.79646186037664e-3,
		"g":2.678967725572253e-2,
		"h":1.0525648341893349e-2,
		"i":2.371441252932598e-2,
		"j":1.6961511635279945e-2,
		"k":2.967471942172342e-2,
		"l":0.1282734132268087,
		"m":3.148183374548222e-2,
		"n":0.15912117177097204,
		"o":1.2047428825058652e-3,
		"p":1.3727728108553675e-2,
		"q":5.668632299790755e-2,
		"r":0.1922833047999493,
		"s":5.307209435038996e-2,
		"t":5.250142666920297e-2,
		"u":3.192568638640543e-2,
		"v":1.800773571745609e-2,
		"w":3.2971910468581576e-3,
		"x":1.8705218438906856e-3,
		"y":6.309048253122821e-3,
		"z":3.582524887451652e-3
	},
	"b":{
		"'":0.0,
		"a":0.10535187526337969,
		"b":2.085967130214918e-2,
		"c":0.0,
		"d":6.95322376738306e-3,
		"e":0.274968394437421,
		"f":0.0,
		"g":2.1070375052675939e-4,
		"h":4.214075010535188e-3,
		"i":0.12157606405394017,
		"j":0.14981036662452593,
		"k":4.2140750105351877e-4,
		"l":1.8752633796881586e-2,
		"m":4.214075010535188e-3,
		"n":1.2642225031605564e-3,
		"o":0.11989043404972609,
		"p":0.0,
		"q":0.0,
		"r":0.1312684365781711,
		"s":1.685630004214075e-3,
		"t":8.428150021070375e-4,
		"u":2.6127265065318164e-2,
		"v":0.0,
		"w":6.321112515802782e-4,
		"x":0.0,
		"y":1.0956595027391488e-2,
		"z":0.0
	},
	"c":{
		"'":0.0,
		"a":0.20578147966682997,
		"b":9.799118079372856e-4,
		"c":1.0779029887310141e-2,
		"d":0.0,
		"e":0.11709946104850563,
		"f":0.0,
		"g":0.0,
		"h":0.24350808427241546,
		"i":0.10142087212150906,
		"j":9.799118079372856e-4,
		"k":0.10975012248897599,
		"l":4.3116119549240564e-2,
		"m":9.799118079372856e-4,
		"n":0.0,
		"o":8.2312591866732e-2,
		"p":4.899559039686428e-4,
		"q":1.9598236158745713e-3,
		"r":1.9598236158745713e-2,
		"s":0.0,
		"t":2.3517883390494855e-2,
		"u":1.910828025477707e-2,
		"v":0.0,
		"w":9.799118079372856e-4,
		"x":0.0,
		"y":1.71484566389025e-2,
		"z":4.899559039686428e-4
	},
	"d":{
		"'":0.0,
		"a":0.14544197303215398,
		"b":1.9822519303906883e-2,
		"c":1.1524720525527257e-4,
		"d":3.515039760285813e-2,
		"e":0.11374899158695402,
		"f":6.914832315316354e-3,
		"g":1.855480004609888e-2,
		"h":5.243747839114902e-2,
		"i":0.15858015443125506,
		"j":4.1488993891898125e-3,
		"k":3.5726633629134495e-3,
		"l":2.8927048519073413e-2,
		"m":1.4175406246398526e-2,
		"n":1.1524720525527256e-2,
		"o":7.076178402673736e-2,
		"p":1.1524720525527257e-4,
		"q":0.0,
		"r":0.13553071338020053,
		"s":9.796012446698168e-3,
		"t":1.705658637778034e-2,
		"u":0.10648841765587184,
		"v":2.7428834850754872e-2,
		"w":6.4538434942952635e-3,
		"x":0.0,
		"y":1.2216203757058891e-2,
		"z":1.0372248472974531e-3
	},
	"e":{
		"'":0.0,
		"a":1.904961272765334e-2,
		"b":1.601423487544484e-2,
		"c":7.588444630521248e-3,
		"d":3.6947875235503455e-2,
		"e":2.3759681808666527e-2,
		"f":1.4339543646640151e-2,
		"g":1.9572953736654807e-2,
		"h":4.500732677412602e-3,
		"i":0.1028888423696881,
		"j":7.012769520619636e-3,
		"k":2.009629474565627e-2,
		"l":0.1571069709022399,
		"m":3.223780615449027e-2,
		"n":0.11660037680552648,
		"o":1.088549298723048e-2,
		"p":6.698764915218757e-3,
		"q":2.177098597446096e-2,
		"r":0.20384132300607077,
		"s":4.171027841741679e-2,
		"t":7.839648314841952e-2,
		"u":7.431442327820809e-3,
		"v":1.9677621938455098e-2,
		"w":4.08205987021143e-3,
		"x":2.72137324680762e-3,
		"y":2.313167259786477e-2,
		"z":1.936361733305422e-3
	},
	"f":{
		"'":0.0,
		"a":0.14879594423320658,
		"b":2.7883396704689476e-3,
		"c":2.5348542458808617e-4,
		"d":6.3371356147021544e-3,
		"e":5.855513307984791e-2,
		"f":4.6134347275031684e-2,
		"g":7.604562737642585e-3,
		"h":1.1660329531051963e-2,
		"i":0.14930291508238275,
		"j":1.2927756653992395e-2,
		"k":4.816223067173637e-3,
		"l":2.103929024081115e-2,
		"m":5.069708491761723e-4,
		"n":2.002534854245881e-2,
		"o":2.6615969581749048e-2,
		"p":0.0,
		"q":0.0,
		"r":0.38960709759188844,
		"s":5.576679340937895e-3,
		"t":1.0139416983523447e-2,
		"u":6.134347275031685e-2,
		"v":7.604562737642585e-3,
		"w":4.816223067173637e-3,
		"x":0.0,
		"y":3.2953105196451204e-3,
		"z":2.5348542458808617e-4
	},
	"g":{
		"'":0.0,
		"a":0.1267079294639729,
		"b":1.1327805675580989e-2,
		"c":0.0,
		"d":1.2262057690061895e-2,
		"e":0.1504145743314259,
		"f":9.108957141188836e-3,
		"g":2.9428938456148548e-2,
		"h":3.95889291136284e-2,
		"i":0.10860679668340535,
		"j":1.7984351278757447e-2,
		"k":1.8685040289618125e-3,
		"l":1.880182179142824e-2,
		"m":1.2495620693682121e-2,
		"n":4.7530071236716105e-2,
		"o":5.722293588695551e-2,
		"p":3.8537895597337384e-3,
		"q":0.0,
		"r":7.111993460235899e-2,
		"s":1.2145276188251782e-2,
		"t":1.1794931682821442e-2,
		"u":0.22351979446455683,
		"v":2.0553544318579937e-2,
		"w":2.9195375452528323e-3,
		"x":0.0,
		"y":1.0510335162910195e-2,
		"z":2.3356300362022657e-4
	},
	"h":{
		"'":0.0,
		"a":0.2644422997380394,
		"b":2.8953536467668547e-3,
		"c":1.3787398317937404e-4,
		"d":1.3787398317937404e-3,
		"e":0.21756514545705224,
		"f":2.3438577140493587e-3,
		"g":4.549841444919343e-3,
		"h":6.893699158968702e-4,
		"i":0.159244450572177,
		"j":2.8953536467668548e-2,
		"k":4.549841444919343e-3,
		"l":2.012960154418861e-2,
		"m":7.7209430580449465e-3,
		"n":9.51330483937681e-3,
		"o":0.12725768647456223,
		"p":4.1362194953812215e-4,
		"q":1.3787398317937404e-4,
		"r":6.466289811112642e-2,
		"s":3.998345512201847e-3,
		"t":1.2822280435681786e-2,
		"u":3.970770715565972e-2,
		"v":1.5441886116089893e-2,
		"w":1.9302357645112366e-3,
		"x":0.0,
		"y":9.375430856197435e-3,
		"z":1.3787398317937404e-4
	},
	"i":{
		"'":0.0,
		"a":8.80604270276334e-2,
		"b":8.11427289384138e-3,
		"c":2.1613132408480725e-2,
		"d":5.990352615637737e-2,
		"e":4.1468795572673224e-2,
		"f":1.3424073589350485e-2,
		"g":3.941218262722956e-2,
		"h":3.3653666379987288e-3,
		"i":3.440152563287589e-2,
		"j":7.5159854915304945e-3,
		"k":6.210971095239876e-2,
		"l":0.11165538645626893,
		"m":3.223273379949893e-2,
		"n":0.21328945892383053,
		"o":2.090266611823655e-2,
		"p":9.086489922596568e-3,
		"q":1.1965748046217702e-3,
		"r":4.662902441760461e-2,
		"s":7.665557342108216e-2,
		"t":5.444415361029054e-2,
		"u":2.3744531279213252e-2,
		"v":2.138877463261414e-2,
		"w":1.6078973937105037e-3,
		"x":1.3087536925550612e-3,
		"y":1.6078973937105037e-3,
		"z":4.861085143775941e-3
	},
	"j":{
		"'":0.0,
		"a":0.32319013524264123,
		"b":1.988862370723946e-3,
		"c":3.977724741447892e-4,
		"d":1.988862370723946e-3,
		"e":0.13126491646778043,
		"f":1.1933174224343676e-3,
		"g":2.386634844868735e-3,
		"h":9.94431185361973e-4,
		"i":2.7844073190135245e-2,
		"j":1.1933174224343676e-3,
		"k":1.988862370723946e-3,
		"l":6.762132060461416e-3,
		"m":1.1933174224343676e-3,
		"n":7.955449482895784e-3,
		"o":0.34884645982498014,
		"p":1.988862370723946e-4,
		"q":0.0,
		"r":9.94431185361973e-4,
		"s":6.5632458233890216e-3,
		"t":7.955449482895784e-4,
		"u":0.1250994431185362,
		"v":3.7788385043754976e-3,
		"w":3.977724741447892e-4,
		"x":0.0,
		"y":2.983293556085919e-3,
		"z":0.0
	},
	"k":{
		"'":1.3844662882458813e-4,
		"a":0.3115049148553233,
		"b":1.3844662882458812e-3,
		"c":1.3844662882458813e-4,
		"d":1.3844662882458813e-4,
		"e":0.11615672158382943,
		"f":2.7689325764917625e-4,
		"g":1.3844662882458813e-4,
		"h":7.476117956527759e-3,
		"i":0.12640177211684897,
		"j":2.588951959019798e-2,
		"k":0.11283400249203933,
		"l":2.007476117956528e-2,
		"m":2.21514606119341e-3,
		"n":9.414370760071993e-3,
		"o":8.292953066592829e-2,
		"p":0.0,
		"q":1.3844662882458813e-4,
		"r":5.427107849923855e-2,
		"s":1.2875536480686695e-2,
		"t":1.4260002768932576e-2,
		"u":8.251419077945453e-2,