{
    "a": {
        "a": 0.0146496,
        "b": 0.0182321,
        "c": 0.0186287,
        "d": 0.0361827,
        "e": 0.0258703,
        "f": 0.00422216,
        "g": 0.00624368,
        "h": 0.0715081,
        "i": 0.0485549,
        "j": 0.00971097,
        "k": 0.0252562,
        "l": 0.0919664,
        "m": 0.0544915,
        "n": 0.207756,
        "o": 0.002303,
        "p": 0.00332655,
        "q": 0.00664031,
        "r": 0.138743,
        "s": 0.0471347,
        "t": 0.0360675,
        "u": 0.0209573,
        "v": 0.0274057,
        "w": 0.00916081,
        "x": 0.00310905,
        "y": 0.0596093,
        "z": 0.0122699
    },
    "b": {
        "a": 0.126697,
        "b": 0.0246812,
        "c": 0.000274236,
        "d": 0.0180995,
        "e": 0.276429,
        "f": 0.0,
        "g": 0.000274236,
        "h": 0.0134375,
        "i": 0.0972165,
        "j": 0.00137118,
        "k": 0.0,
        "l": 0.0270122,
        "m": 0.000137118,
        "n": 0.00191965,
        "o": 0.0501851,
        "p": 0.0,
        "q": 0.0,
        "r": 0.291512,
        "s": 0.00315371,
        "t": 0.00123406,
        "u": 0.0386672,
        "v": 0.0,
        "w": 0.000548471,
        "x": 0.0,
        "y": 0.0271493,
        "z": 0.0
    },
    "c": {
        "a": 0.198999,
        "b": 0.000154024,
        "c": 0.0101656,
        "d": 0.000462072,
        "e": 0.147786,
        "f": 0.0,
        "g": 0.000616095,
        "h": 0.243127,
        "i": 0.0978822,
        "j": 0.000539084,
        "k": 0.0760108,
        "l": 0.0426646,
        "m": 0.000231036,
        "n": 0.000693107,
        "o": 0.0985753,
        "p": 7.70119e-5,
        "q": 0.0083943,
        "r": 0.0231036,
        "s": 0.00246438,
        "t": 0.00700809,
        "u": 0.0125529,
        "v": 0.0,
        "w": 0.0,
        "x": 0.00038506,
        "y": 0.0271852,
        "z": 0.000924143
    },
    "d": {
        "a": 0.288259,
        "b": 0.000732766,
        "c": 0.000450933,
        "d": 0.0204611,
        "e": 0.264359,
        "f": 0.00107097,
        "g": 0.00484753,
        "h": 0.0122879,
        "i": 0.118483,
        "j": 0.00310016,
        "k": 0.000450933,
        "l": 0.00884956,
        "m": 0.00501663,
        "n": 0.00760949,
        "o": 0.0855645,
        "p": 0.000112733,
        "q": 0.000281833,
        "r": 0.0974015,
        "s": 0.00462206,
        "t": 0.000901866,
        "u": 0.0193901,
        "v": 0.00180373,
        "w": 0.00693309,
        "x": 0.0,
        "y": 0.0453751,
        "z": 0.00163463
    },
    "e": {
        "a": 0.060281,
        "b": 0.0086693,
        "c": 0.014308,
        "d": 0.0245569,
        "e": 0.0712646,
        "f": 0.0050326,
        "g": 0.00657544,
        "h": 0.00602443,
        "i": 0.0432547,
        "j": 0.00525301,
        "k": 0.0167508,
        "l": 0.177188,
        "m": 0.0360915,
        "n": 0.144696,
        "o": 0.0163468,
        "p": 0.00596933,
        "q": 0.00361833,
        "r": 0.128368,
        "s": 0.0686748,
        "t": 0.0561851,
        "u": 0.00543668,
        "v": 0.0244467,
        "w": 0.00438975,
        "x": 0.00690605,
        "y": 0.0500138,
        "z": 0.00969786
    },
    "f": {
        "a": 0.237238,
        "b": 0.000367242,
        "c": 0.0,
        "d": 0.0,
        "e": 0.154976,
        "f": 0.0903415,
        "g": 0.000367242,
        "h": 0.0044069,
        "i": 0.134778,
        "j": 0.000367242,
        "k": 0.000734484,
        "l": 0.0572898,
        "m": 0.000367242,
        "n": 0.00734484,
        "o": 0.0987881,
        "p": 0.000734484,
        "q": 0.0,
        "r": 0.154242,
        "s": 0.00477415,
        "t": 0.0165259,
        "u": 0.0235035,
        "v": 0.0,
        "w": 0.000734484,
        "x": 0.0,
        "y": 0.0110173,
        "z": 0.00110173
    },
    "g": {
        "a": 0.177432,
        "b": 0.000949848,
        "c": 0.000379939,
        "d": 0.00778875,
        "e": 0.254179,
        "f": 0.00113982,
        "g": 0.0161474,
        "h": 0.117401,
        "i": 0.117021,
        "j": 0.00113982,
        "k": 0.000379939,
        "l": 0.0440729,
        "m": 0.00474924,
        "n": 0.0180471,
        "o": 0.0495821,
        "p": 0.000379939,
        "q": 0.0,
        "r": 0.081117,
        "s": 0.00588906,
        "t": 0.00664894,
        "u": 0.0628799,
        "v": 0.00132979,
        "w": 0.0170973,
        "x": 0.00018997,
        "y": 0.0134878,
        "z": 0.000569909
    },
    "h": {
        "a": 0.462488,
        "b": 0.000971817,
        "c": 0.00058309,
        "d": 0.00257532,
        "e": 0.159621,
        "f": 0.000388727,
        "g": 0.00058309,
        "h": 0.000291545,
        "i": 0.131924,
        "j": 0.00301263,
        "k": 0.00364431,
        "l": 0.0231293,
        "m": 0.013897,
        "n": 0.0294461,
        "o": 0.055102,
        "p": 0.000680272,
        "q": 0.0005345,
        "r": 0.0331876,
        "s": 0.00403304,
        "t": 0.00680272,
        "u": 0.029932,
        "v": 0.00281827,
        "w": 0.00204082,
        "x": 0.0,
        "y": 0.0295918,
        "z": 0.00272109
    },
    "i": {
        "a": 0.177241,
        "b": 0.00660412,
        "c": 0.0527095,
        "d": 0.0254907,
        "e": 0.106942,
        "f": 0.00565774,
        "g": 0.0159651,
        "h": 0.00532856,
        "i": 0.00415587,
        "j": 0.00814714,
        "k": 0.0298934,
        "l": 0.0787969,
        "m": 0.0268691,
        "n": 0.13665,
        "o": 0.039275,
        "p": 0.00312719,
        "q": 0.00746821,
        "r": 0.0460026,
        "s": 0.102251,
        "t": 0.0458997,
        "u": 0.0087232,
        "v": 0.0114801,
        "w": 0.000987532,
        "x": 0.00283916,
        "y": 0.0370736,
        "z": 0.0144221
    },
    "j": {
        "a": 0.492637,
        "b": 0.000200341,
        "c": 0.000801362,
        "d": 0.00180307,
        "e": 0.171091,
        "f": 0.0,
        "g": 0.00010017,
        "h": 0.0171291,
        "i": 0.0519884,
        "j": 0.00120204,
        "k": 0.00160272,
        "l": 0.00280477,
        "m": 0.00340579,
        "n": 0.00250426,
        "o": 0.169288,
        "p": 0.000200341,
        "q": 0.000200341,
        "r": 0.00350596,
        "s": 0.0027046,
        "t": 0.000500851,
        "u": 0.0648102,
        "v": 0.00180307,
        "w": 0.00130221,
        "x": 0.0,
        "y": 0.00791345,
        "z": 0.000500851
    },
    "k": {
        "a": 0.344454,
        "b": 0.000150286,
        "c": 0.000901713,
        "d": 0.000676285,
        "e": 0.239405,
        "f": 0.000300571,
        "g": 0.0,
        "h": 0.0481665,
        "i": 0.145476,
        "j": 0.001052,
        "k": 0.00954313,
        "l": 0.01578,
        "m": 0.00142771,
        "n": 0.00300571,
        "o": 0.0610911,
        "p": 0.000300571,
        "q": 0.00120228,
        "r": 0.028404,
        "s": 0.0125488,
        "t": 0.003156,
        "u": 0.013676,
        "v": 0.000450857,
        "w": 0.00946799,
        "x": 0.000225428,
        "y": 0.0586865,
        "z": 0.000450857
    },
    "l": {
        "a": 0.212151,
        "b": 0.00682061,
        "c": 0.00276659,
        "d": 0.0177774,
        "e": 0.226094,
        "f": 0.00364314,
        "g": 0.00145178,
        "h": 0.00167091,
        "i": 0.178623,
        "j": 0.00120525,
        "k": 0.0017257,
        "l": 0.125839,
        "m": 0.00931328,
        "n": 0.00197222,
        "o": 0.056318,
        "p": 0.00295834,
        "q": 0.000328704,
        "r": 0.00260224,
        "s": 0.00698496,
        "t": 0.0061632,
        "u": 0.0226806,
        "v": 0.00873805,
        "w": 0.00126003,
        "x": 8.2176e-5,
        "y": 0.0994056,
        "z": 0.00142438
    },
    "m": {
        "a": 0.425321,
        "b": 0.018316,
        "c": 0.00993506,
        "d": 0.00149858,
        "e": 0.152356,
        "f": 5.55031e-5,
        "g": 0.000222013,
        "h": 0.000999056,
        "i": 0.186269,
        "j": 0.000943553,
        "k": 0.00111006,